safeguard,requirement,implementation_spec,current_state,status,gap,owner,target_date,evidence
164.312(a)(2)(i),Unique user identification for anyone accessing PHI,Required,SSO in place; one shared support@ login still used by 3 staff,Partial,Migrate shared support account to individual logins,[PLACEHOLDER: owner name],[PLACEHOLDER: date],SSO provider user export
164.312(a)(2)(ii),Emergency access procedure documented and logged,Required,No documented break-glass process,Missing,Define and log an emergency-access procedure,[PLACEHOLDER: owner name],[PLACEHOLDER: date],Emergency access runbook
164.312(a)(2)(iii),Automatic logoff after inactivity,Addressable,No session TTL enforced server-side,Missing,Enforce session expiry on PHI-scoped sessions,[PLACEHOLDER: owner name],[PLACEHOLDER: date],Session middleware config
164.312(a)(2)(iv),Encryption/decryption of PHI at rest,Addressable,RDS encryption confirmed active; one legacy S3 bucket unencrypted,Partial,Enable default encryption on remaining S3 buckets,[PLACEHOLDER: owner name],[PLACEHOLDER: date],Cloud provider encryption config export
164.312(b),Audit controls recording activity in systems with PHI,Required,Mutations logged via PaperTrail; reads not logged,Partial,Add read-access logging to PHI-touching controllers,[PLACEHOLDER: owner name],[PLACEHOLDER: date],Audit log schema + sample entries
164.312(c)(1),Integrity — PHI protected from improper alteration/destruction,Addressable,Hard deletes used on patient records,Partial,Move to soft-delete with a separate audited purge step,[PLACEHOLDER: owner name],[PLACEHOLDER: date],Model code + migration
164.312(d),Person or entity authentication before granting access,Required,MFA enforced via SSO for all PHI-scoped roles,Met,None,[PLACEHOLDER: owner name],[PLACEHOLDER: date],SSO MFA policy export
164.312(e)(1),Transmission security — integrity controls in transit,Addressable,TLS enforced on external traffic; one internal webhook uses plain HTTP,Partial,Enforce TLS on the internal webhook endpoint,[PLACEHOLDER: owner name],[PLACEHOLDER: date],Service config + grep audit
164.312(e)(2)(ii),Encryption of PHI in transit,Addressable,TLS 1.2+ enforced on all external endpoints,Met,None,[PLACEHOLDER: owner name],[PLACEHOLDER: date],TLS config / load balancer settings
